{
  "pathwayTitle": "An Intro to Containers for Go Programmers",
  "title": "Kubernetes stateless applications",
  "description": "Connect your stateless web application to a database service in Kubernetes",
  "difficulty": "beginner",
  "time": "20-30 minutes",
  "details": {
    "steps": [{
      "title": "Create a database service",
      "text": "step1.md"
    },
    {
      "title": "Write a Go application",
      "text": "step2.md"
    },
    {
      "title": "Deploy the web application",
      "text": "step3.md"
    },
    {
      "title": "Check that everything is working",
      "text": "step4.md"
    }],
    "intro": {
      "text": "intro.md",
      "credits": ""
    },
    "finish": {
      "text": "finish.md"
    }
  },
  "environment": {
    "uilayout": "editor-terminal",
    "uisettings": "go",
    "uimessage1": "\u001b[36mYour Interactive Bash Terminal.\u001b[m\r\n"
  },
  "backend": {
    "imageid": "kubernetes"
  },
  "files": [
    "hello.go",
    "Dockerfile",
    "pod.yaml",
    "deployment.yaml",
    "service.yaml",
    "pg-cfg.yaml",
    "pg-svc.yaml",
    "pg-deployment.yaml"
  ]
}
