{
  "title": "Distributed Stateful Siddhi App",
  "description": "Deploy a stateful Siddhi Application in distributed mode on Kubernetes with automatic configuration of NATS.",
  "difficulty": "beginner",
  "time": "15 minutes",
  "details": {
    "steps": [
      {
        "title": "Introduction",
        "text": "step1.md"
      },
      {
        "title": "Preparing the Environment",
        "text": "step2.md"
      },
      {
        "title": "Deploying stateful Siddhi App",
        "text": "step3.md"
      },
      {
        "title": "Testing the Siddhi App",
        "text": "step4.md"
      }
    ],
    "intro": {
      "text": "intro.md",
      "credits": "",
      "code": "courseBase.sh"
    },
    "finish": {
      "text": "finish.md"
    }
  },
  "environment": {
    "hideintro": true,
    "uilayout": "terminal"
  },
  "backend": {
    "imageid": "minikube"
  }
}
