{
  "pathwayTitle": "An Intro to Containers for Go Programmers",
  "title": "Go apps and multistage image builds",
  "description": "In this scenario you will learn how to build your Go code into an image using multistage builds",
  "difficulty": "intermediate",
  "time": "10 minutes",
  "details": {
    "steps": [{
      "title": "Write a simple web server",
      "text": "step1.md"
    },
    {
      "title": "Compile and build in one Dockerfile",
      "text": "step2.md"
    },
    {
      "title": "Multistage builds",
      "text": "step3.md"
    }],
    "intro": {
      "text": "intro.md",
      "credits": ""
    },
    "finish": {
      "text": "finish.md"
    }
  },
  "environment": {
    "uilayout": "editor-terminal",
    "uisettings": "go",
    "uimessage1": "\u001b[36mYour Interactive Bash Terminal.\u001b[m\r\n"
  },
  "backend": {
    "imageid": "ubuntu"
  },
  "files": [
    "hello.go",
    "Dockerfile"
  ]
}
