{
  "pathwayTitle": "An Intro to Containers for Go Programmers",
  "title": "What's inside a container image?",
  "description": "In this section we'll look at the filesystem inside a container, and see how we can pass environment variables in, and get logs out",
  "difficulty": "beginner",
  "time": "15 minutes",
  "details": {
    "steps": [{
      "title": "Write a simple web server",
      "text": "step1.md"
    },
    {
      "title": "Put your app into a container image",
      "text": "step2.md"
    },
    {
      "title": "Run your container image",
      "text": "step3.md"
    },
    {
      "title": "Get logs from a container",
      "text": "step35.md"
    },
    {
      "title": "Mounting a directory from the host",
      "text": "step4.md"
    },
    {
      "title": "Passing environment variables into a container",
      "text": "step5.md"
    }],
    "intro": {
      "text": "intro.md",
      "credits": "",
      "courseData": "makeDir.sh"
    },
    "finish": {
      "text": "finish.md"
    }
  },
  "environment": {
    "uilayout": "editor-terminal",
    "uisettings": "go",
    "uimessage1": "\u001b[36mYour Interactive Bash Terminal.\u001b[m\r\n"
  },
  "backend": {
    "imageid": "ubuntu"
  },
  "files": [
    "hello.go",
    "text/response",
    "Dockerfile"
  ]
}
