{
  "pathwayTitle": "An Intro to Containers for Go Programmers",
  "title": "Entrypoints and Commands",
  "description": "In this section you'll learn how to specify what command gets run when you start a container",
  "difficulty": "intermediate",
  "time": "15 minutes",
  "details": {
    "steps": [{
      "title": "Image entrypoints",
      "text": "step1.md"
    },
    {
      "title": "Image entrypoints and commands",
      "text": "step15.md"
    },
    {
      "title": "Image commands",
      "text": "step17.md"
    },
    {
      "title": "Shell and exec forms",
      "text": "step2.md"
    }],
    "intro": {
      "text": "intro.md",
      "credits": ""
    },
    "finish": {
      "text": "finish.md"
    }
  },
  "environment": {
    "uilayout": "editor-terminal",
    "uisettings": "go",
    "uimessage1": "\u001b[36mYour Interactive Bash Terminal.\u001b[m\r\n"
  },
  "backend": {
    "imageid": "ubuntu"
  },
  "files": [
    "Dockerfile",
    "hello.go"
  ]
}
